id,timestamp,source_id,data_point,data_unit,data_type,data
1,2023-10-05T11:32:47Z,vcu-0052,temperature,celsius,float,-15.3
2,2023-08-16T21:17:42Z,vcu-0028,temperature,celsius,float,-36.5
3,2023-10-06T16:22:18Z,vsu-0094,temperature,celsius,float,-26.1
4,2024-03-07T02:56:42Z,vcu-0080,temperature,celsius,float,-38.0
5,2023-07-14T13:17:24Z,vtu-0016,temperature,celsius,float,-16.8
6,2023-10-24T00:11:57Z,vtu-0040,temperature,celsius,float,-15.0
7,2023-11-28T22:57:59Z,vtu-0073,temperature,celsius,float,-35.9
8,2024-02-22T01:48:15Z,vsu-0056,temperature,celsius,float,-34.4
9,2023-07-14T10:14:48Z,vsu-0021,temperature,celsius,float,-30.8
10,2023-08-17T11:29:57Z,vsu-0084,temperature,celsius,float,-37.8
11,2024-02-04T23:31:56Z,vcu-0057,temperature,celsius,float,-20.5
12,2023-12-18T00:29:06Z,vcu-0086,temperature,celsius,float,-21.2
13,2024-03-26T03:23:52Z,vtu-0099,temperature,celsius,float,-23.5
14,2023-10-30T12:08:48Z,vtu-0011,temperature,celsius,float,-18.6
15,2023-09-12T02:04:33Z,vsu-0095,temperature,celsius,float,-30.9
16,2023-11-04T10:10:38Z,vcu-0010,temperature,celsius,float,-29.3
17,2024-01-06T17:10:55Z,vsu-0047,temperature,celsius,float,-29.6
18,2024-02-18T22:25:43Z,vcu-0087,temperature,celsius,float,-37.1
19,2023-06-09T21:52:19Z,vsu-0074,temperature,celsius,float,-35.8
20,2023-04-18T19:27:40Z,vcu-0068,temperature,celsius,float,-26.2
21,2024-04-02T16:17:41Z,vcu-0080,temperature,celsius,float,-24.2
22,2024-01-20T00:13:32Z,vtu-0028,temperature,celsius,float,-21.0
23,2023-08-25T10:27:31Z,vcu-0008,temperature,celsius,float,-33.9
24,2024-01-04T22:45:44Z,vcu-0016,temperature,celsius,float,-15.1
25,2023-07-02T05:54:00Z,vsu-0082,temperature,celsius,float,-21.3
26,2023-11-14T17:35:33Z,vsu-0027,temperature,celsius,float,-33.5
27,2023-12-15T10:37:59Z,vtu-0064,temperature,celsius,float,-13.0
28,2023-10-21T19:12:46Z,vcu-0005,temperature,celsius,float,-18.8
29,2024-02-05T21:36:57Z,vtu-0058,temperature,celsius,float,-11.2
30,2023-12-31T12:01:16Z,vtu-0085,temperature,celsius,float,-26.1
31,2023-08-02T01:21:30Z,vcu-0087,temperature,celsius,float,-29.9
32,2024-04-07T01:37:48Z,vsu-0066,temperature,celsius,float,-33.7
33,2023-12-27T20:47:40Z,vcu-0035,temperature,celsius,float,-10.6
34,2023-06-08T13:44:54Z,vcu-0090,temperature,celsius,float,-24.5
35,2024-02-03T09:47:02Z,vsu-0053,temperature,celsius,float,-11.8
36,2024-03-04T02:46:18Z,vcu-0032,temperature,celsius,float,-19.5
37,2023-09-26T19:17:50Z,vsu-0015,temperature,celsius,float,-20.2
38,2024-02-24T10:20:48Z,vsu-0073,temperature,celsius,float,-32.1
39,2024-01-04T17:01:43Z,vsu-0052,temperature,celsius,float,-26.0
40,2024-02-24T08:15:12Z,vcu-0099,temperature,celsius,float,-17.9
41,2024-01-17T14:06:22Z,vcu-0061,temperature,celsius,float,-12.6
42,2023-05-03T08:04:00Z,vtu-0081,temperature,celsius,float,-29.2
43,2023-08-06T02:16:25Z,vtu-0031,temperature,celsius,float,-10.4
44,2023-09-15T00:17:38Z,vsu-0077,temperature,celsius,float,-38.9
45,2024-02-24T21:39:13Z,vcu-0018,temperature,celsius,float,-12.0
46,2024-01-09T19:11:13Z,vtu-0033,temperature,celsius,float,-38.6
47,2024-04-02T18:31:37Z,vtu-0024,temperature,celsius,float,-21.1
48,2024-01-14T16:48:36Z,vcu-0008,temperature,celsius,float,-35.7
49,2024-03-26T10:30:44Z,vcu-0066,temperature,celsius,float,-33.8
50,2024-02-29T20:02:08Z,vtu-0033,temperature,celsius,float,-23.6
51,2023-09-27T17:25:52Z,vtu-0047,temperature,celsius,float,-10.8
52,2023-11-29T04:26:28Z,vtu-0043,temperature,celsius,float,-35.6
53,2023-05-11T23:00:09Z,vtu-0091,temperature,celsius,float,-10.9
54,2023-06-08T22:33:18Z,vsu-0033,temperature,celsius,float,-28.7
55,2024-02-16T16:13:38Z,vtu-0071,temperature,celsius,float,-24.0
56,2023-10-08T18:59:36Z,vsu-0094,temperature,celsius,float,-14.3
57,2024-02-23T08:11:39Z,vtu-0071,temperature,celsius,float,-16.1
58,2023-06-24T19:07:58Z,vtu-0027,temperature,celsius,float,-23.2
59,2023-10-26T23:48:58Z,vsu-0051,temperature,celsius,float,-15.7
60,2023-11-13T15:17:09Z,vsu-0056,temperature,celsius,float,-20.7
61,2023-11-20T22:17:36Z,vtu-0052,temperature,celsius,float,-16.5
62,2023-04-18T17:14:05Z,vcu-0020,temperature,celsius,float,-10.6
63,2023-12-24T06:13:08Z,vsu-0015,temperature,celsius,float,-35.1
64,2023-09-24T00:01:15Z,vtu-0068,temperature,celsius,float,-37.3
65,2023-06-12T23:51:01Z,vcu-0043,temperature,celsius,float,-18.0
66,2023-10-17T01:45:50Z,vtu-0013,temperature,celsius,float,-25.0
67,2023-05-09T01:29:12Z,vcu-0022,temperature,celsius,float,-12.5
68,2023-12-20T08:15:51Z,vsu-0046,temperature,celsius,float,-35.3
69,2023-10-07T04:12:56Z,vsu-0034,temperature,celsius,float,-31.4
70,2023-07-06T13:46:21Z,vtu-0048,temperature,celsius,float,-13.8
71,2023-06-27T07:00:17Z,vtu-0040,temperature,celsius,float,-30.5
72,2024-02-02T09:12:57Z,vcu-0029,temperature,celsius,float,-38.7
73,2023-09-18T01:28:55Z,vtu-0076,temperature,celsius,float,-11.3
74,2024-03-14T11:36:20Z,vtu-0057,temperature,celsius,float,-35.3
75,2024-03-10T11:34:08Z,vcu-0053,temperature,celsius,float,-37.8
76,2023-05-29T06:46:10Z,vsu-0040,temperature,celsius,float,-36.4
77,2023-11-19T10:21:18Z,vsu-0099,temperature,celsius,float,-10.8
78,2024-04-02T06:50:14Z,vcu-0084,temperature,celsius,float,-36.4
79,2023-05-21T14:54:52Z,vcu-0025,temperature,celsius,float,-35.6
80,2024-01-29T08:54:54Z,vsu-0085,temperature,celsius,float,-30.9
81,2024-03-08T08:19:07Z,vtu-0013,temperature,celsius,float,-32.6
82,2023-08-05T06:51:00Z,vcu-0041,temperature,celsius,float,-22.1
83,2023-06-08T18:56:35Z,vcu-0019,temperature,celsius,float,-13.3
84,2023-08-15T02:17:10Z,vsu-0042,temperature,celsius,float,-23.1
85,2023-06-03T18:44:02Z,vcu-0055,temperature,celsius,float,-23.7
86,2023-05-02T18:34:07Z,vcu-0061,temperature,celsius,float,-17.2
87,2024-01-23T14:04:36Z,vsu-0066,temperature,celsius,float,-19.2
88,2023-07-29T19:08:04Z,vsu-0086,temperature,celsius,float,-20.1
89,2023-11-22T03:13:32Z,vsu-0078,temperature,celsius,float,-39.7
90,2023-12-02T06:53:50Z,vtu-0054,temperature,celsius,float,-26.5
91,2023-06-07T03:57:57Z,vtu-0095,temperature,celsius,float,-25.7
92,2023-11-13T21:45:51Z,vcu-0076,temperature,celsius,float,-29.5
93,2023-12-18T01:53:36Z,vcu-0028,temperature,celsius,float,-15.2
94,2023-08-23T02:08:31Z,vtu-0010,temperature,celsius,float,-31.3
95,2023-11-16T16:51:09Z,vsu-0087,temperature,celsius,float,-32.8
96,2024-02-22T15:26:52Z,vcu-0076,temperature,celsius,float,-24.8
97,2023-12-31T18:54:19Z,vtu-0059,temperature,celsius,float,-38.3
98,2023-12-24T21:47:49Z,vcu-0057,temperature,celsius,float,-33.4
99,2023-05-16T05:46:06Z,vsu-0018,temperature,celsius,float,-35.6
100,2024-02-16T02:19:05Z,vsu-0019,temperature,celsius,float,-35.4
101,2023-08-03T10:27:31Z,vtu-0088,temperature,celsius,float,-36.1
102,2024-02-01T04:18:01Z,vtu-0042,temperature,celsius,float,-11.4
103,2024-03-05T05:11:33Z,vsu-0040,temperature,celsius,float,-33.3
104,2024-01-25T09:34:05Z,vcu-0030,temperature,celsius,float,-25.1
105,2023-06-21T22:35:52Z,vtu-0048,temperature,celsius,float,-27.6
106,2023-05-15T16:25:01Z,vsu-0071,temperature,celsius,float,-37.2
107,2024-03-25T00:34:07Z,vtu-0037,temperature,celsius,float,-31.4
108,2023-11-05T14:57:27Z,vcu-0087,temperature,celsius,float,-23.3
109,2023-12-17T21:55:20Z,vcu-0013,temperature,celsius,float,-18.1
110,2024-01-17T17:18:39Z,vtu-0056,temperature,celsius,float,-39.8
111,2024-02-15T04:38:00Z,vcu-0040,temperature,celsius,float,-36.3
112,2023-11-19T14:10:06Z,vsu-0015,temperature,celsius,float,-26.0
113,2023-06-13T10:09:07Z,vsu-0050,temperature,celsius,float,-24.6
114,2023-10-01T22:45:41Z,vsu-0054,temperature,celsius,float,-36.6
115,2023-09-15T02:36:18Z,vtu-0025,temperature,celsius,float,-36.0
116,2024-03-15T20:49:39Z,vcu-0035,temperature,celsius,float,-19.0
117,2023-08-04T17:58:25Z,vsu-0086,temperature,celsius,float,-24.2
118,2023-11-07T01:59:34Z,vsu-0072,temperature,celsius,float,-35.7
119,2023-09-08T11:01:41Z,vsu-0035,temperature,celsius,float,-21.5
120,2023-10-27T23:13:00Z,vcu-0088,temperature,celsius,float,-39.5
121,2023-04-20T08:02:54Z,vsu-0074,temperature,celsius,float,-27.4
122,2023-07-06T17:37:39Z,vtu-0007,temperature,celsius,float,-33.2
123,2023-08-02T06:36:37Z,vcu-0009,temperature,celsius,float,-25.3
124,2023-07-03T22:05:44Z,vsu-0056,temperature,celsius,float,-39.3
125,2023-06-16T23:02:54Z,vtu-0070,temperature,celsius,float,-11.5
126,2024-01-18T07:05:01Z,vtu-0029,temperature,celsius,float,-35.7
127,2023-09-06T14:17:56Z,vcu-0032,temperature,celsius,float,-28.7
128,2023-06-16T08:44:12Z,vtu-0050,temperature,celsius,float,-22.7
129,2023-11-22T11:54:03Z,vsu-0043,temperature,celsius,float,-12.9
130,2024-03-20T05:03:37Z,vcu-0052,temperature,celsius,float,-32.7
131,2024-01-01T21:48:43Z,vcu-0077,temperature,celsius,float,-35.6
132,2023-09-24T19:12:44Z,vcu-0078,temperature,celsius,float,-11.6
133,2024-03-12T12:08:50Z,vtu-0053,temperature,celsius,float,-16.0
134,2024-03-21T05:49:56Z,vtu-0051,temperature,celsius,float,-12.5
135,2023-05-08T14:10:00Z,vsu-0020,temperature,celsius,float,-13.2
136,2023-06-30T19:06:09Z,vsu-0043,temperature,celsius,float,-12.5
137,2023-12-12T00:53:54Z,vsu-0076,temperature,celsius,float,-23.3
138,2024-01-09T02:21:19Z,vtu-0084,temperature,celsius,float,-13.2
139,2024-01-28T05:28:26Z,vtu-0091,temperature,celsius,float,-29.2
140,2024-01-20T01:53:06Z,vcu-0029,temperature,celsius,float,-20.8
141,2023-11-22T08:40:24Z,vsu-0090,temperature,celsius,float,-12.6
142,2023-10-14T18:13:35Z,vsu-0083,temperature,celsius,float,-12.4
143,2023-11-25T01:50:43Z,vsu-0039,temperature,celsius,float,-12.5
144,2023-08-15T02:57:35Z,vtu-0016,temperature,celsius,float,-39.7
145,2024-01-19T03:48:37Z,vcu-0082,temperature,celsius,float,-36.6
146,2023-05-06T09:20:32Z,vtu-0019,temperature,celsius,float,-25.3
147,2023-11-22T20:58:05Z,vtu-0046,temperature,celsius,float,-19.9
148,2023-09-12T16:09:11Z,vtu-0063,temperature,celsius,float,-25.6
149,2023-04-12T11:37:48Z,vsu-0081,temperature,celsius,float,-30.3
150,2023-10-24T15:21:58Z,vsu-0084,temperature,celsius,float,-24.1
151,2023-10-25T19:10:33Z,vtu-0024,temperature,celsius,float,-23.5
152,2023-08-05T17:17:14Z,vtu-0052,temperature,celsius,float,-26.2
153,2024-02-20T15:07:39Z,vtu-0029,temperature,celsius,float,-12.2
154,2024-03-31T15:35:20Z,vsu-0074,temperature,celsius,float,-13.7
155,2023-10-26T02:38:52Z,vcu-0038,temperature,celsius,float,-36.6
156,2023-07-15T01:43:59Z,vtu-0026,temperature,celsius,float,-33.1
157,2024-03-14T05:07:40Z,vsu-0010,temperature,celsius,float,-32.5
158,2024-01-23T11:14:29Z,vtu-0026,temperature,celsius,float,-13.1
159,2024-02-15T10:58:44Z,vsu-0094,temperature,celsius,float,-12.5
160,2023-09-28T00:26:26Z,vcu-0009,temperature,celsius,float,-13.6
161,2024-03-17T10:46:22Z,vsu-0035,temperature,celsius,float,-37.4
162,2023-09-06T09:07:52Z,vtu-0008,temperature,celsius,float,-24.1
163,2023-11-26T16:08:00Z,vcu-0016,temperature,celsius,float,-10.1
164,2023-09-28T09:19:11Z,vtu-0071,temperature,celsius,float,-10.8
165,2023-07-22T17:47:55Z,vtu-0065,temperature,celsius,float,-27.7
166,2023-05-22T05:51:00Z,vcu-0093,temperature,celsius,float,-17.2
167,2023-09-05T23:45:39Z,vtu-0068,temperature,celsius,float,-16.0
168,2024-01-23T16:48:21Z,vtu-0000,temperature,celsius,float,-23.9
169,2023-09-25T08:06:57Z,vtu-0025,temperature,celsius,float,-13.6
170,2023-09-11T04:04:21Z,vsu-0030,temperature,celsius,float,-16.9
171,2024-03-21T11:54:47Z,vcu-0018,temperature,celsius,float,-28.6
172,2023-11-25T00:50:35Z,vsu-0019,temperature,celsius,float,-39.3
173,2023-12-01T19:26:58Z,vtu-0046,temperature,celsius,float,-29.8
174,2023-06-05T16:11:38Z,vtu-0036,temperature,celsius,float,-13.9
175,2024-01-31T20:31:16Z,vsu-0093,temperature,celsius,float,-35.3
176,2023-05-28T06:54:25Z,vcu-0085,temperature,celsius,float,-39.7
177,2023-04-21T00:13:31Z,vsu-0095,temperature,celsius,float,-17.8
178,2023-06-27T22:56:30Z,vcu-0026,temperature,celsius,float,-26.6
179,2024-02-15T15:32:40Z,vcu-0028,temperature,celsius,float,-18.9
180,2024-02-21T19:07:05Z,vtu-0091,temperature,celsius,float,-17.3
181,2023-05-22T17:23:58Z,vtu-0020,temperature,celsius,float,-13.8
182,2023-07-13T17:24:56Z,vsu-0090,temperature,celsius,float,-24.4
183,2023-05-16T20:36:50Z,vtu-0088,temperature,celsius,float,-36.2
184,2023-12-19T05:07:14Z,vcu-0085,temperature,celsius,float,-15.4
185,2023-04-28T17:55:11Z,vsu-0068,temperature,celsius,float,-10.2
186,2024-03-20T11:22:28Z,vcu-0009,temperature,celsius,float,-32.9
187,2023-12-03T15:26:58Z,vsu-0067,temperature,celsius,float,-32.2
188,2023-09-04T05:43:05Z,vcu-0052,temperature,celsius,float,-16.9
189,2023-10-13T15:50:11Z,vsu-0065,temperature,celsius,float,-18.3
190,2024-01-09T11:59:17Z,vtu-0029,temperature,celsius,float,-19.2
191,2024-04-05T07:29:00Z,vcu-0091,temperature,celsius,float,-34.8
192,2023-09-05T06:25:11Z,vcu-0043,temperature,celsius,float,-20.5
193,2023-12-13T18:52:49Z,vsu-0087,temperature,celsius,float,-34.5
194,2023-06-03T07:33:50Z,vcu-0057,temperature,celsius,float,-27.9
195,2023-12-24T04:44:11Z,vsu-0062,temperature,celsius,float,-16.2
196,2023-10-24T01:27:42Z,vcu-0023,temperature,celsius,float,-39.2
197,2024-02-20T21:13:06Z,vcu-0057,temperature,celsius,float,-29.8
198,2023-09-05T22:58:21Z,vcu-0024,temperature,celsius,float,-31.4
199,2023-12-24T21:33:33Z,vcu-0045,temperature,celsius,float,-32.4
200,2023-07-03T06:47:14Z,vtu-0080,temperature,celsius,float,-22.4
201,2023-12-27T01:56:50Z,vtu-0090,temperature,celsius,float,-28.1
202,2024-01-03T02:09:13Z,vcu-0016,temperature,celsius,float,-11.4
203,2023-07-28T15:18:10Z,vcu-0027,temperature,celsius,float,-31.4
204,2023-11-01T14:01:51Z,vtu-0049,temperature,celsius,float,-35.8
205,2023-04-22T22:07:03Z,vsu-0026,temperature,celsius,float,-31.6
206,2023-04-30T05:09:04Z,vsu-0041,temperature,celsius,float,-15.2
207,2023-12-28T14:06:32Z,vsu-0067,temperature,celsius,float,-13.5
208,2023-11-26T16:19:50Z,vsu-0093,temperature,celsius,float,-21.1
209,2023-08-02T10:25:09Z,vsu-0011,temperature,celsius,float,-30.6
210,2024-04-06T04:30:22Z,vsu-0059,temperature,celsius,float,-19.5
211,2023-10-12T05:47:17Z,vcu-0092,temperature,celsius,float,-11.5
212,2023-09-11T18:01:35Z,vsu-0080,temperature,celsius,float,-32.9
213,2024-02-01T00:02:57Z,vsu-0089,temperature,celsius,float,-16.7
214,2023-05-05T20:31:40Z,vtu-0051,temperature,celsius,float,-25.8
215,2023-12-11T01:47:50Z,vtu-0021,temperature,celsius,float,-36.4
216,2024-02-10T00:38:33Z,vtu-0092,temperature,celsius,float,-29.1
217,2023-05-21T10:18:01Z,vtu-0039,temperature,celsius,float,-35.4
218,2023-11-03T13:31:14Z,vtu-0076,temperature,celsius,float,-12.6
219,2023-05-09T05:30:54Z,vtu-0055,temperature,celsius,float,-23.6
220,2023-05-29T03:32:37Z,vsu-0072,temperature,celsius,float,-16.4
221,2023-09-22T09:44:34Z,vtu-0048,temperature,celsius,float,-22.6
222,2024-01-10T23:13:50Z,vcu-0050,temperature,celsius,float,-18.8
223,2024-01-19T18:17:23Z,vsu-0001,temperature,celsius,float,-23.3
224,2023-09-04T20:44:03Z,vcu-0091,temperature,celsius,float,-10.2
225,2023-10-03T11:49:47Z,vsu-0080,temperature,celsius,float,-27.5
226,2024-02-19T16:40:22Z,vsu-0068,temperature,celsius,float,-38.7
227,2023-08-30T13:41:40Z,vsu-0036,temperature,celsius,float,-22.1
228,2023-12-09T04:39:17Z,vcu-0091,temperature,celsius,float,-37.3
229,2024-02-07T10:02:33Z,vcu-0094,temperature,celsius,float,-13.3
230,2023-04-16T03:35:47Z,vsu-0035,temperature,celsius,float,-34.6
231,2023-06-09T06:35:11Z,vsu-0057,temperature,celsius,float,-18.0
232,2024-03-21T22:57:48Z,vsu-0077,temperature,celsius,float,-38.8
233,2024-04-08T17:26:30Z,vsu-0060,temperature,celsius,float,-23.8
234,2024-01-29T14:07:08Z,vtu-0051,temperature,celsius,float,-18.0
235,2023-06-14T16:31:50Z,vtu-0041,temperature,celsius,float,-21.9
236,2023-05-08T11:34:07Z,vtu-0021,temperature,celsius,float,-32.2
237,2023-10-01T00:42:16Z,vsu-0081,temperature,celsius,float,-31.9
238,2023-12-21T00:47:28Z,vcu-0021,temperature,celsius,float,-28.8
239,2023-04-25T07:16:23Z,vsu-0037,temperature,celsius,float,-22.9
240,2023-10-30T07:45:14Z,vcu-0080,temperature,celsius,float,-11.6
241,2023-05-30T17:32:49Z,vtu-0050,temperature,celsius,float,-17.6
242,2024-03-13T00:10:00Z,vsu-0027,temperature,celsius,float,-37.4
243,2024-03-22T22:57:53Z,vsu-0093,temperature,celsius,float,-33.2
244,2024-02-25T02:35:08Z,vsu-0075,temperature,celsius,float,-39.1
245,2024-02-19T21:08:32Z,vsu-0023,temperature,celsius,float,-26.2
246,2023-05-03T06:30:58Z,vsu-0028,temperature,celsius,float,-12.6
247,2023-08-09T20:36:51Z,vcu-0091,temperature,celsius,float,-36.7
248,2024-03-31T18:43:50Z,vcu-0071,temperature,celsius,float,-15.5
249,2024-03-09T06:33:51Z,vsu-0048,temperature,celsius,float,-27.8
250,2023-10-19T14:17:00Z,vcu-0099,temperature,celsius,float,-26.3
251,2024-01-27T20:04:31Z,vtu-0070,temperature,celsius,float,-37.3
252,2024-03-07T15:02:07Z,vtu-0085,temperature,celsius,float,-15.4
253,2024-03-29T19:53:00Z,vcu-0042,temperature,celsius,float,-23.6
254,2024-04-03T03:47:43Z,vcu-0072,temperature,celsius,float,-21.4
255,2023-11-18T17:58:40Z,vcu-0061,temperature,celsius,float,-33.8
256,2023-12-10T09:22:09Z,vcu-0080,temperature,celsius,float,-33.1
257,2023-04-26T00:38:32Z,vcu-0009,temperature,celsius,float,-39.8
258,2023-08-27T14:49:16Z,vcu-0022,temperature,celsius,float,-30.3
259,2023-11-11T06:56:58Z,vsu-0071,temperature,celsius,float,-27.8
260,2023-08-16T14:29:04Z,vtu-0023,temperature,celsius,float,-37.3
261,2023-12-15T13:26:13Z,vsu-0077,temperature,celsius,float,-26.5
262,2023-04-18T06:58:50Z,vtu-0016,temperature,celsius,float,-26.5
263,2023-12-03T09:37:51Z,vcu-0043,temperature,celsius,float,-21.1
264,2024-03-28T16:57:04Z,vcu-0061,temperature,celsius,float,-23.7
265,2023-07-21T16:28:08Z,vtu-0024,temperature,celsius,float,-26.7
266,2023-05-02T17:35:16Z,vtu-0033,temperature,celsius,float,-23.0
267,2024-04-05T10:55:13Z,vcu-0051,temperature,celsius,float,-38.7
268,2024-01-28T20:02:51Z,vcu-0051,temperature,celsius,float,-15.2
269,2023-12-05T22:55:26Z,vsu-0009,temperature,celsius,float,-10.1
270,2024-03-24T02:23:51Z,vtu-0042,temperature,celsius,float,-11.6
271,2023-11-14T23:45:20Z,vtu-0089,temperature,celsius,float,-27.7
272,2023-12-03T08:12:40Z,vsu-0041,temperature,celsius,float,-19.8
273,2023-05-31T11:45:16Z,vsu-0016,temperature,celsius,float,-27.7
274,2023-07-24T05:10:10Z,vcu-0077,temperature,celsius,float,-13.2
275,2023-11-07T01:02:28Z,vtu-0038,temperature,celsius,float,-22.1
276,2023-10-02T23:32:09Z,vtu-0057,temperature,celsius,float,-15.3
277,2023-10-25T20:48:03Z,vsu-0025,temperature,celsius,float,-28.0
278,2023-07-15T06:48:51Z,vcu-0072,temperature,celsius,float,-34.2
279,2023-08-27T15:47:24Z,vcu-0001,temperature,celsius,float,-28.0
280,2023-12-07T07:40:27Z,vcu-0003,temperature,celsius,float,-37.4
281,2023-08-13T02:24:30Z,vcu-0094,temperature,celsius,float,-25.4
282,2023-09-15T12:57:32Z,vsu-0088,temperature,celsius,float,-18.1
283,2023-10-01T13:10:41Z,vtu-0068,temperature,celsius,float,-11.4
284,2023-10-06T02:22:00Z,vtu-0094,temperature,celsius,float,-36.4
285,2023-12-20T10:33:14Z,vsu-0078,temperature,celsius,float,-19.9
286,2024-01-31T01:31:09Z,vtu-0073,temperature,celsius,float,-10.2
287,2023-11-29T10:22:26Z,vcu-0036,temperature,celsius,float,-32.8
288,2023-08-30T03:12:27Z,vtu-0050,temperature,celsius,float,-13.5
289,2023-08-11T08:45:27Z,vsu-0098,temperature,celsius,float,-13.7
290,2023-05-20T09:33:00Z,vtu-0042,temperature,celsius,float,-22.4
291,2023-04-21T08:18:23Z,vsu-0065,temperature,celsius,float,-39.9
292,2024-01-06T23:14:17Z,vtu-0007,temperature,celsius,float,-35.6
293,2023-12-21T05:40:02Z,vtu-0056,temperature,celsius,float,-33.5
294,2023-05-15T01:15:23Z,vtu-0032,temperature,celsius,float,-31.3
295,2023-05-24T04:23:33Z,vtu-0053,temperature,celsius,float,-34.6
296,2023-07-15T06:13:18Z,vsu-0009,temperature,celsius,float,-34.1
297,2023-08-25T19:28:23Z,vtu-0078,temperature,celsius,float,-13.8
298,2024-03-14T19:18:01Z,vtu-0011,temperature,celsius,float,-33.5
299,2023-11-09T05:25:04Z,vsu-0059,temperature,celsius,float,-18.4
300,2024-04-03T23:52:39Z,vtu-0083,temperature,celsius,float,-28.9
301,2023-10-02T01:08:52Z,vtu-0078,temperature,celsius,float,-22.9
302,2023-09-24T15:47:56Z,vcu-0015,temperature,celsius,float,-12.7
303,2023-12-22T05:46:16Z,vcu-0081,temperature,celsius,float,-37.3
304,2023-04-22T13:32:04Z,vcu-0053,temperature,celsius,float,-13.2
305,2024-01-07T03:25:11Z,vsu-0040,temperature,celsius,float,-24.3
306,2023-06-19T06:46:08Z,vtu-0057,temperature,celsius,float,-18.5
307,2023-11-08T08:48:06Z,vcu-0080,temperature,celsius,float,-31.0
308,2024-01-15T16:36:03Z,vcu-0058,temperature,celsius,float,-39.1
309,2024-03-04T07:07:52Z,vcu-0091,temperature,celsius,float,-27.8
310,2023-10-25T16:05:58Z,vtu-0095,temperature,celsius,float,-22.6
311,2023-08-16T00:45:15Z,vcu-0034,temperature,celsius,float,-11.8
312,2023-10-11T14:46:34Z,vcu-0009,temperature,celsius,float,-39.1
313,2023-10-25T04:06:57Z,vsu-0065,temperature,celsius,float,-14.1
314,2023-12-12T02:33:18Z,vcu-0040,temperature,celsius,float,-33.3
315,2023-08-30T13:31:44Z,vtu-0038,temperature,celsius,float,-39.6
316,2024-04-07T05:28:17Z,vcu-0056,temperature,celsius,float,-14.6
317,2023-08-25T02:57:16Z,vcu-0016,temperature,celsius,float,-12.9
318,2024-04-03T06:23:06Z,vsu-0060,temperature,celsius,float,-35.1
319,2023-09-03T00:20:33Z,vtu-0081,temperature,celsius,float,-14.0
320,2023-12-03T21:40:03Z,vsu-0020,temperature,celsius,float,-25.0
321,2023-04-22T23:40:07Z,vcu-0080,temperature,celsius,float,-33.1
322,2024-02-15T02:25:35Z,vcu-0090,temperature,celsius,float,-18.8
323,2023-08-21T22:45:04Z,vcu-0029,temperature,celsius,float,-12.4
324,2023-05-11T21:02:39Z,vcu-0094,temperature,celsius,float,-36.1
325,2024-02-20T07:43:49Z,vcu-0082,temperature,celsius,float,-26.8
326,2023-10-02T08:15:30Z,vtu-0090,temperature,celsius,float,-38.4
327,2024-03-23T20:10:17Z,vsu-0099,temperature,celsius,float,-28.5
328,2024-01-04T07:38:50Z,vtu-0090,temperature,celsius,float,-36.5
329,2024-04-05T15:02:21Z,vtu-0022,temperature,celsius,float,-21.6
330,2023-12-06T04:05:33Z,vcu-0068,temperature,celsius,float,-26.1
331,2023-11-11T23:19:01Z,vcu-0031,temperature,celsius,float,-36.8
332,2023-06-05T00:48:55Z,vtu-0097,temperature,celsius,float,-13.3
333,2023-05-30T10:26:03Z,vsu-0058,temperature,celsius,float,-39.0
334,2023-08-10T05:50:57Z,vsu-0061,temperature,celsius,float,-37.2
335,2023-10-16T21:01:59Z,vtu-0052,temperature,celsius,float,-38.6
336,2024-03-11T13:02:07Z,vcu-0006,temperature,celsius,float,-31.0
337,2023-06-28T21:03:19Z,vsu-0008,temperature,celsius,float,-38.2
338,2023-09-23T15:39:56Z,vcu-0017,temperature,celsius,float,-22.6
339,2023-05-23T03:27:02Z,vtu-0023,temperature,celsius,float,-32.6
340,2023-12-20T21:47:18Z,vtu-0095,temperature,celsius,float,-39.1
341,2024-01-19T01:16:43Z,vcu-0094,temperature,celsius,float,-29.5
342,2023-11-10T22:02:17Z,vcu-0050,temperature,celsius,float,-28.0
343,2024-02-18T22:26:40Z,vcu-0076,temperature,celsius,float,-27.6
344,2023-07-12T20:08:47Z,vcu-0021,temperature,celsius,float,-28.5
345,2023-05-09T18:09:33Z,vtu-0002,temperature,celsius,float,-35.1
346,2023-12-19T04:25:42Z,vcu-0091,temperature,celsius,float,-12.3
347,2024-02-13T09:26:29Z,vsu-0076,temperature,celsius,float,-13.1
348,2023-04-16T18:33:20Z,vtu-0021,temperature,celsius,float,-34.1
349,2023-10-11T00:49:19Z,vsu-0022,temperature,celsius,float,-34.4
350,2023-04-13T20:30:41Z,vcu-0070,temperature,celsius,float,-28.3
351,2023-08-16T09:32:35Z,vcu-0007,temperature,celsius,float,-26.4
352,2023-05-20T00:19:47Z,vcu-0059,temperature,celsius,float,-32.1
353,2024-02-08T08:33:11Z,vcu-0093,temperature,celsius,float,-24.0
354,2024-03-18T15:14:54Z,vtu-0058,temperature,celsius,float,-18.9
355,2023-07-02T02:19:20Z,vsu-0024,temperature,celsius,float,-33.0
356,2024-02-01T21:40:22Z,vsu-0023,temperature,celsius,float,-23.1
357,2023-09-23T22:31:35Z,vsu-0084,temperature,celsius,float,-26.9
358,2023-05-04T20:23:21Z,vtu-0032,temperature,celsius,float,-37.3
359,2023-07-12T00:07:50Z,vtu-0049,temperature,celsius,float,-31.9
360,2023-05-20T17:54:10Z,vtu-0081,temperature,celsius,float,-37.2
361,2023-06-30T01:10:30Z,vsu-0054,temperature,celsius,float,-32.1
362,2023-06-03T08:17:53Z,vcu-0006,temperature,celsius,float,-20.2
363,2024-03-01T16:41:30Z,vcu-0092,temperature,celsius,float,-28.8
364,2023-08-23T17:42:23Z,vsu-0073,temperature,celsius,float,-13.7
365,2023-07-23T23:22:21Z,vsu-0036,temperature,celsius,float,-38.5
366,2023-10-21T21:15:30Z,vsu-0000,temperature,celsius,float,-39.7
367,2023-10-23T14:41:16Z,vcu-0056,temperature,celsius,float,-35.8
368,2023-12-22T21:29:38Z,vsu-0065,temperature,celsius,float,-14.5
369,2023-04-12T09:23:06Z,vsu-0065,temperature,celsius,float,-19.1
370,2023-10-24T15:13:13Z,vcu-0037,temperature,celsius,float,-11.5
371,2023-11-15T10:46:17Z,vsu-0067,temperature,celsius,float,-29.5
372,2024-01-22T01:55:09Z,vtu-0012,temperature,celsius,float,-12.6
373,2023-11-15T01:39:57Z,vsu-0016,temperature,celsius,float,-14.8
374,2024-02-12T10:57:26Z,vtu-0001,temperature,celsius,float,-14.8
375,2023-06-05T23:30:35Z,vsu-0034,temperature,celsius,float,-23.7
376,2023-04-15T16:17:33Z,vtu-0035,temperature,celsius,float,-10.1
377,2023-12-20T03:28:38Z,vcu-0080,temperature,celsius,float,-25.5
378,2023-07-13T15:31:49Z,vcu-0061,temperature,celsius,float,-27.4
379,2023-05-12T10:30:30Z,vsu-0049,temperature,celsius,float,-36.2
380,2023-08-09T19:41:40Z,vcu-0026,temperature,celsius,float,-19.1
381,2023-12-07T09:50:55Z,vsu-0016,temperature,celsius,float,-20.6
382,2023-11-04T06:59:53Z,vtu-0056,temperature,celsius,float,-10.5
383,2023-11-10T11:03:43Z,vtu-0033,temperature,celsius,float,-39.1
384,2023-10-28T02:16:58Z,vcu-0086,temperature,celsius,float,-23.7
385,2023-09-20T21:05:52Z,vcu-0047,temperature,celsius,float,-19.4
386,2023-12-07T06:50:00Z,vcu-0060,temperature,celsius,float,-17.9
387,2023-11-23T02:12:22Z,vcu-0029,temperature,celsius,float,-35.6
388,2023-06-07T05:21:13Z,vsu-0041,temperature,celsius,float,-34.8
389,2024-02-10T19:14:57Z,vsu-0087,temperature,celsius,float,-30.2
390,2023-10-12T04:43:46Z,vsu-0034,temperature,celsius,float,-24.4
391,2023-09-08T20:33:39Z,vcu-0083,temperature,celsius,float,-23.2
392,2023-07-02T02:22:36Z,vcu-0056,temperature,celsius,float,-11.4
393,2023-11-12T11:58:57Z,vtu-0083,temperature,celsius,float,-22.8
394,2024-01-19T04:40:32Z,vcu-0074,temperature,celsius,float,-26.4
395,2023-06-20T12:35:47Z,vsu-0090,temperature,celsius,float,-26.5
396,2023-10-26T02:44:58Z,vtu-0054,temperature,celsius,float,-29.8
397,2024-01-03T18:54:23Z,vsu-0020,temperature,celsius,float,-28.9
398,2024-02-02T13:32:48Z,vtu-0039,temperature,celsius,float,-37.0
399,2023-05-18T12:30:43Z,vcu-0088,temperature,celsius,float,-17.0
400,2023-08-02T04:26:53Z,vtu-0077,temperature,celsius,float,-32.6
401,2023-08-18T21:15:16Z,vtu-0030,temperature,celsius,float,-24.6
402,2024-03-10T12:15:45Z,vtu-0042,temperature,celsius,float,-38.7
403,2023-08-28T10:16:13Z,vsu-0061,temperature,celsius,float,-36.6
404,2024-04-04T23:20:48Z,vsu-0005,temperature,celsius,float,-36.6
405,2023-04-22T03:56:53Z,vcu-0036,temperature,celsius,float,-14.6
406,2023-04-12T18:00:19Z,vsu-0070,temperature,celsius,float,-21.4
407,2024-02-06T18:53:58Z,vcu-0061,temperature,celsius,float,-38.2
408,2023-11-13T08:43:26Z,vtu-0055,temperature,celsius,float,-35.1
409,2023-12-03T05:24:29Z,vsu-0007,temperature,celsius,float,-13.6
410,2023-11-12T06:35:54Z,vcu-0034,temperature,celsius,float,-24.5
411,2023-12-03T23:58:19Z,vcu-0012,temperature,celsius,float,-13.6
412,2024-01-17T08:44:14Z,vsu-0022,temperature,celsius,float,-38.5
413,2024-03-12T10:44:23Z,vcu-0029,temperature,celsius,float,-28.1
414,2023-06-16T08:40:57Z,vsu-0054,temperature,celsius,float,-10.8
415,2023-12-14T17:20:52Z,vsu-0058,temperature,celsius,float,-34.9
416,2023-08-03T05:18:44Z,vsu-0062,temperature,celsius,float,-15.9
417,2023-07-17T17:44:40Z,vcu-0049,temperature,celsius,float,-28.0
418,2024-01-13T21:58:00Z,vcu-0093,temperature,celsius,float,-31.3
419,2023-10-27T11:55:35Z,vtu-0032,temperature,celsius,float,-35.3
420,2023-09-27T12:13:44Z,vsu-0085,temperature,celsius,float,-35.4
421,2023-06-19T23:07:01Z,vcu-0012,temperature,celsius,float,-18.2
422,2023-12-10T03:11:13Z,vsu-0007,temperature,celsius,float,-15.7
423,2023-04-15T21:44:11Z,vsu-0001,temperature,celsius,float,-23.1
424,2023-11-23T10:19:34Z,vcu-0065,temperature,celsius,float,-29.5
425,2023-10-14T09:13:06Z,vtu-0003,temperature,celsius,float,-27.6
426,2023-09-23T17:14:05Z,vsu-0088,temperature,celsius,float,-21.1
427,2023-10-25T10:56:39Z,vsu-0034,temperature,celsius,float,-19.1
428,2023-09-15T22:44:57Z,vtu-0076,temperature,celsius,float,-33.1
429,2023-08-08T21:57:12Z,vcu-0060,temperature,celsius,float,-25.7
430,2023-07-23T12:30:35Z,vsu-0008,temperature,celsius,float,-19.1
431,2023-08-18T02:41:20Z,vsu-0078,temperature,celsius,float,-29.0
432,2024-02-17T02:47:41Z,vsu-0081,temperature,celsius,float,-22.2
433,2023-11-03T19:32:32Z,vcu-0063,temperature,celsius,float,-23.3
434,2024-01-14T14:45:42Z,vcu-0003,temperature,celsius,float,-35.6
435,2023-11-27T07:19:13Z,vtu-0050,temperature,celsius,float,-38.9
436,2023-11-13T08:34:40Z,vcu-0086,temperature,celsius,float,-38.6
437,2023-08-18T12:57:25Z,vsu-0033,temperature,celsius,float,-16.2
438,2023-07-17T04:57:55Z,vcu-0099,temperature,celsius,float,-24.2
439,2023-06-10T15:28:42Z,vsu-0031,temperature,celsius,float,-31.3
440,2023-12-28T05:26:24Z,vtu-0023,temperature,celsius,float,-23.9
441,2023-04-18T12:35:45Z,vsu-0084,temperature,celsius,float,-21.4
442,2023-05-18T12:42:31Z,vsu-0074,temperature,celsius,float,-36.1
443,2023-10-11T15:57:45Z,vtu-0038,temperature,celsius,float,-10.8
444,2024-01-02T23:52:12Z,vcu-0048,temperature,celsius,float,-34.1
445,2023-09-08T10:47:03Z,vcu-0093,temperature,celsius,float,-35.7
446,2023-08-01T04:30:05Z,vsu-0011,temperature,celsius,float,-33.0
447,2023-06-12T10:26:44Z,vcu-0018,temperature,celsius,float,-27.2
448,2023-06-07T09:38:16Z,vcu-0061,temperature,celsius,float,-24.8
449,2023-07-22T12:34:36Z,vtu-0097,temperature,celsius,float,-20.0
450,2023-06-01T15:02:18Z,vsu-0019,temperature,celsius,float,-11.8
451,2023-12-14T15:45:19Z,vsu-0041,temperature,celsius,float,-10.3
452,2023-09-19T12:36:57Z,vcu-0044,temperature,celsius,float,-30.6
453,2023-10-03T02:00:55Z,vsu-0040,temperature,celsius,float,-12.6
454,2023-08-03T00:58:06Z,vtu-0012,temperature,celsius,float,-33.4
455,2023-08-24T05:23:08Z,vsu-0044,temperature,celsius,float,-16.0
456,2023-11-19T01:19:46Z,vcu-0096,temperature,celsius,float,-35.4
457,2023-10-15T22:54:31Z,vcu-0073,temperature,celsius,float,-11.1
458,2024-03-18T00:07:44Z,vtu-0040,temperature,celsius,float,-31.3
459,2023-06-04T08:32:44Z,vcu-0061,temperature,celsius,float,-32.5
460,2024-03-05T14:27:08Z,vsu-0099,temperature,celsius,float,-25.8
461,2023-04-26T13:29:33Z,vsu-0068,temperature,celsius,float,-15.1
462,2023-06-28T00:05:52Z,vsu-0003,temperature,celsius,float,-39.7
463,2023-11-03T02:20:51Z,vcu-0010,temperature,celsius,float,-36.4
464,2024-02-21T17:17:04Z,vcu-0039,temperature,celsius,float,-18.8
465,2023-09-29T17:01:31Z,vsu-0072,temperature,celsius,float,-16.6
466,2023-04-12T21:20:44Z,vtu-0072,temperature,celsius,float,-36.9
467,2023-05-12T05:55:37Z,vtu-0064,temperature,celsius,float,-26.5
468,2024-01-20T09:47:28Z,vsu-0080,temperature,celsius,float,-28.8
469,2024-02-06T12:32:24Z,vtu-0062,temperature,celsius,float,-26.7
470,2023-07-11T00:25:41Z,vtu-0080,temperature,celsius,float,-37.3
471,2024-02-12T01:47:30Z,vcu-0084,temperature,celsius,float,-32.4
472,2023-06-19T10:38:43Z,vtu-0046,temperature,celsius,float,-25.0
473,2024-01-14T22:32:20Z,vtu-0033,temperature,celsius,float,-22.3
474,2024-03-30T11:31:05Z,vsu-0022,temperature,celsius,float,-20.6
475,2023-12-12T02:02:51Z,vcu-0034,temperature,celsius,float,-38.1
476,2023-07-29T12:43:40Z,vsu-0017,temperature,celsius,float,-11.8
477,2023-06-21T13:26:59Z,vsu-0077,temperature,celsius,float,-22.9
478,2023-05-17T04:36:00Z,vtu-0094,temperature,celsius,float,-38.8
479,2023-06-19T20:59:21Z,vtu-0082,temperature,celsius,float,-30.7
480,2024-01-19T08:08:17Z,vtu-0039,temperature,celsius,float,-32.2
481,2023-07-08T06:54:23Z,vcu-0084,temperature,celsius,float,-33.3
482,2023-05-24T22:06:09Z,vsu-0039,temperature,celsius,float,-39.8
483,2024-03-24T15:15:33Z,vtu-0093,temperature,celsius,float,-23.8
484,2023-09-16T22:23:29Z,vcu-0013,temperature,celsius,float,-24.4
485,2023-10-16T15:37:54Z,vsu-0085,temperature,celsius,float,-22.4
486,2023-08-12T06:02:25Z,vsu-0012,temperature,celsius,float,-10.3
487,2023-12-04T22:59:59Z,vcu-0053,temperature,celsius,float,-21.8
488,2023-07-27T06:38:53Z,vtu-0018,temperature,celsius,float,-32.6
489,2023-06-05T09:37:51Z,vsu-0070,temperature,celsius,float,-25.8
490,2023-09-29T21:40:27Z,vsu-0018,temperature,celsius,float,-14.2
491,2023-07-08T19:46:58Z,vtu-0038,temperature,celsius,float,-23.6
492,2024-01-03T14:51:47Z,vtu-0013,temperature,celsius,float,-33.4
493,2023-11-06T08:01:24Z,vcu-0014,temperature,celsius,float,-18.2
494,2024-03-31T19:14:21Z,vcu-0075,temperature,celsius,float,-37.1
495,2023-09-04T13:35:00Z,vsu-0094,temperature,celsius,float,-30.5
496,2023-10-25T18:58:51Z,vtu-0038,temperature,celsius,float,-22.3
497,2023-08-30T03:56:07Z,vsu-0054,temperature,celsius,float,-22.5
498,2023-10-18T16:53:45Z,vcu-0091,temperature,celsius,float,-30.7
499,2023-12-10T19:16:42Z,vsu-0013,temperature,celsius,float,-34.8
500,2024-01-28T23:22:46Z,vcu-0022,temperature,celsius,float,-16.4
501,2023-10-29T14:04:40Z,vsu-0066,temperature,celsius,float,-36.9
502,2024-01-22T10:52:05Z,vcu-0076,temperature,celsius,float,-33.6
503,2023-10-22T02:40:05Z,vsu-0023,temperature,celsius,float,-37.2
504,2023-04-26T06:08:25Z,vsu-0004,temperature,celsius,float,-38.3
505,2023-04-15T23:38:03Z,vsu-0033,temperature,celsius,float,-23.9
506,2023-08-06T11:20:32Z,vsu-0087,temperature,celsius,float,-20.0
507,2024-01-18T14:21:18Z,vtu-0007,temperature,celsius,float,-13.6
508,2023-05-15T02:28:23Z,vcu-0064,temperature,celsius,float,-36.7
509,2023-05-21T03:57:12Z,vtu-0016,temperature,celsius,float,-34.5
510,2023-08-06T06:01:22Z,vsu-0090,temperature,celsius,float,-32.0
511,2023-09-25T00:51:23Z,vsu-0081,temperature,celsius,float,-33.5
512,2023-08-21T12:38:12Z,vsu-0092,temperature,celsius,float,-25.0
513,2023-05-28T02:07:19Z,vtu-0023,temperature,celsius,float,-23.7
514,2023-06-24T14:48:53Z,vsu-0092,temperature,celsius,float,-10.6
515,2023-07-23T13:28:32Z,vtu-0002,temperature,celsius,float,-30.3
516,2023-10-10T07:39:26Z,vcu-0098,temperature,celsius,float,-33.9
517,2023-09-07T00:18:53Z,vtu-0024,temperature,celsius,float,-26.6
518,2023-05-18T13:20:14Z,vsu-0009,temperature,celsius,float,-11.5
519,2023-05-27T06:36:21Z,vcu-0003,temperature,celsius,float,-26.3
520,2024-02-10T08:20:46Z,vtu-0060,temperature,celsius,float,-37.0
521,2024-01-30T01:00:16Z,vcu-0097,temperature,celsius,float,-26.0
522,2023-12-06T04:47:24Z,vsu-0015,temperature,celsius,float,-19.7
523,2023-07-18T13:54:13Z,vtu-0022,temperature,celsius,float,-10.9
524,2023-12-27T00:51:14Z,vcu-0018,temperature,celsius,float,-28.8
525,2024-01-23T16:52:53Z,vcu-0032,temperature,celsius,float,-24.5
526,2023-12-18T04:45:50Z,vsu-0017,temperature,celsius,float,-30.8
527,2024-03-02T07:25:14Z,vtu-0037,temperature,celsius,float,-33.5
528,2023-06-26T20:57:34Z,vsu-0084,temperature,celsius,float,-13.2
529,2024-03-05T09:30:50Z,vcu-0090,temperature,celsius,float,-17.2
530,2023-04-15T23:54:01Z,vsu-0073,temperature,celsius,float,-17.7
531,2023-12-17T13:30:14Z,vsu-0054,temperature,celsius,float,-15.5
532,2023-12-25T04:56:54Z,vtu-0014,temperature,celsius,float,-28.4
533,2023-09-12T11:25:31Z,vsu-0082,temperature,celsius,float,-26.2
534,2024-03-02T01:21:17Z,vsu-0078,temperature,celsius,float,-36.9
535,2024-03-26T12:50:56Z,vtu-0044,temperature,celsius,float,-38.2
536,2023-07-29T13:17:37Z,vtu-0048,temperature,celsius,float,-27.5
537,2023-07-31T21:01:49Z,vcu-0048,temperature,celsius,float,-28.9
538,2024-03-08T01:35:33Z,vsu-0065,temperature,celsius,float,-39.2
539,2023-07-13T12:15:01Z,vtu-0002,temperature,celsius,float,-19.3
540,2023-06-21T07:48:37Z,vcu-0083,temperature,celsius,float,-15.0
541,2023-06-06T01:52:39Z,vsu-0097,temperature,celsius,float,-21.2
542,2023-08-28T12:18:53Z,vsu-0021,temperature,celsius,float,-20.7
543,2023-10-25T11:32:43Z,vcu-0083,temperature,celsius,float,-19.9
544,2023-04-19T08:13:31Z,vtu-0067,temperature,celsius,float,-24.2
545,2024-03-06T06:50:00Z,vcu-0078,temperature,celsius,float,-10.1
546,2023-09-22T03:53:55Z,vsu-0058,temperature,celsius,float,-15.2
547,2024-02-10T04:32:05Z,vsu-0001,temperature,celsius,float,-11.1
548,2023-05-31T23:41:03Z,vsu-0050,temperature,celsius,float,-39.6
549,2023-11-16T16:22:58Z,vtu-0008,temperature,celsius,float,-31.2
550,2024-02-14T22:13:14Z,vtu-0069,temperature,celsius,float,-33.8
551,2023-07-29T18:19:21Z,vsu-0041,temperature,celsius,float,-25.5
552,2023-08-29T01:14:33Z,vcu-0070,temperature,celsius,float,-29.0
553,2023-05-28T12:26:31Z,vcu-0030,temperature,celsius,float,-24.6
554,2023-09-17T14:52:05Z,vsu-0018,temperature,celsius,float,-12.9
555,2023-09-01T11:15:33Z,vsu-0030,temperature,celsius,float,-21.3
556,2023-11-30T14:43:04Z,vsu-0044,temperature,celsius,float,-37.6
557,2023-12-28T22:18:29Z,vcu-0061,temperature,celsius,float,-17.3
558,2023-12-16T02:51:52Z,vsu-0022,temperature,celsius,float,-15.3
559,2023-05-19T18:49:15Z,vsu-0011,temperature,celsius,float,-14.3
560,2023-07-10T00:28:39Z,vsu-0081,temperature,celsius,float,-27.0
561,2023-06-16T17:19:10Z,vsu-0081,temperature,celsius,float,-10.5
562,2023-11-17T08:34:19Z,vcu-0018,temperature,celsius,float,-19.9
563,2023-11-03T17:58:19Z,vtu-0076,temperature,celsius,float,-15.8
564,2023-11-22T13:23:58Z,vtu-0084,temperature,celsius,float,-18.5
565,2024-03-31T04:49:41Z,vsu-0024,temperature,celsius,float,-35.5
566,2023-12-06T02:45:07Z,vcu-0069,temperature,celsius,float,-14.8
567,2023-09-24T21:48:19Z,vcu-0053,temperature,celsius,float,-24.3
568,2024-01-26T12:31:02Z,vsu-0025,temperature,celsius,float,-14.9
569,2023-06-28T19:19:03Z,vtu-0030,temperature,celsius,float,-26.4
570,2023-08-15T16:00:36Z,vsu-0053,temperature,celsius,float,-34.3
571,2023-10-10T08:19:54Z,vtu-0059,temperature,celsius,float,-37.6
572,2023-10-10T13:55:25Z,vsu-0052,temperature,celsius,float,-25.4
573,2023-05-02T11:51:37Z,vsu-0052,temperature,celsius,float,-30.7
574,2024-02-28T02:34:15Z,vsu-0022,temperature,celsius,float,-25.2
575,2023-07-21T18:02:21Z,vsu-0099,temperature,celsius,float,-35.4
576,2023-08-27T15:16:45Z,vtu-0000,temperature,celsius,float,-29.7
577,2024-03-21T21:59:54Z,vsu-0027,temperature,celsius,float,-12.0
578,2024-02-08T06:40:25Z,vtu-0019,temperature,celsius,float,-37.8
579,2024-03-11T19:17:05Z,vtu-0054,temperature,celsius,float,-22.5
580,2023-08-09T01:38:16Z,vtu-0046,temperature,celsius,float,-14.1
581,2023-12-24T01:59:28Z,vcu-0062,temperature,celsius,float,-22.7
582,2023-11-26T10:32:02Z,vcu-0049,temperature,celsius,float,-36.6
583,2023-08-10T02:56:52Z,vcu-0070,temperature,celsius,float,-36.6
584,2024-01-02T19:47:36Z,vsu-0063,temperature,celsius,float,-32.8
585,2023-09-01T23:49:31Z,vtu-0089,temperature,celsius,float,-39.1
586,2024-04-07T18:49:23Z,vtu-0087,temperature,celsius,float,-39.3
587,2024-01-21T11:57:52Z,vcu-0029,temperature,celsius,float,-22.7
588,2023-12-28T08:47:44Z,vcu-0079,temperature,celsius,float,-33.8
589,2024-02-07T14:47:59Z,vsu-0080,temperature,celsius,float,-20.9
590,2023-06-06T05:23:43Z,vcu-0009,temperature,celsius,float,-14.0
591,2023-11-20T03:40:46Z,vsu-0034,temperature,celsius,float,-10.5
592,2023-07-13T08:08:41Z,vcu-0096,temperature,celsius,float,-39.1
593,2023-07-09T08:22:55Z,vcu-0052,temperature,celsius,float,-32.6
594,2023-07-23T17:16:28Z,vtu-0079,temperature,celsius,float,-10.2
595,2023-10-19T22:38:59Z,vtu-0052,temperature,celsius,float,-19.1
596,2023-08-10T10:37:28Z,vcu-0044,temperature,celsius,float,-27.2
597,2023-05-05T15:57:02Z,vcu-0002,temperature,celsius,float,-23.8
598,2023-12-15T10:33:38Z,vtu-0069,temperature,celsius,float,-27.3
599,2023-06-02T05:24:56Z,vsu-0055,temperature,celsius,float,-20.6
600,2023-06-11T03:53:10Z,vsu-0074,temperature,celsius,float,-14.7
601,2024-03-02T05:38:44Z,vsu-0042,temperature,celsius,float,-12.1
602,2023-05-30T09:17:45Z,vtu-0090,temperature,celsius,float,-23.2
603,2023-10-04T14:42:09Z,vtu-0090,temperature,celsius,float,-23.4
604,2023-12-25T07:46:07Z,vcu-0011,temperature,celsius,float,-10.0
605,2023-05-06T23:09:31Z,vtu-0035,temperature,celsius,float,-31.3
606,2023-06-04T15:00:33Z,vcu-0081,temperature,celsius,float,-36.6
607,2023-12-16T18:45:29Z,vcu-0008,temperature,celsius,float,-23.3
608,2023-09-15T15:55:22Z,vcu-0056,temperature,celsius,float,-34.3
609,2023-05-13T10:48:23Z,vcu-0069,temperature,celsius,float,-29.4
610,2023-11-15T21:59:44Z,vcu-0011,temperature,celsius,float,-29.2
611,2024-01-16T17:38:10Z,vcu-0014,temperature,celsius,float,-16.8
612,2023-08-20T18:35:09Z,vtu-0033,temperature,celsius,float,-11.2
613,2023-10-16T06:19:46Z,vtu-0011,temperature,celsius,float,-32.5
614,2023-07-23T09:31:29Z,vsu-0061,temperature,celsius,float,-28.6
615,2023-08-20T09:47:37Z,vtu-0069,temperature,celsius,float,-16.2
616,2023-09-30T22:38:45Z,vsu-0019,temperature,celsius,float,-33.0
617,2024-01-31T06:10:49Z,vtu-0053,temperature,celsius,float,-18.2
618,2023-12-13T05:53:41Z,vtu-0020,temperature,celsius,float,-35.4
619,2023-04-25T20:23:34Z,vcu-0065,temperature,celsius,float,-36.6
620,2023-05-27T19:51:24Z,vsu-0009,temperature,celsius,float,-21.9
621,2024-01-01T12:21:52Z,vsu-0090,temperature,celsius,float,-34.9
622,2023-10-18T21:37:51Z,vcu-0092,temperature,celsius,float,-10.6
623,2023-12-01T18:35:21Z,vsu-0007,temperature,celsius,float,-26.3
624,2023-08-29T12:01:56Z,vcu-0050,temperature,celsius,float,-26.6
625,2024-03-01T02:37:03Z,vsu-0098,temperature,celsius,float,-21.9
626,2023-07-09T22:50:24Z,vcu-0092,temperature,celsius,float,-16.3
627,2023-12-10T18:30:13Z,vtu-0093,temperature,celsius,float,-26.3
628,2023-09-24T03:18:05Z,vtu-0079,temperature,celsius,float,-22.5
629,2023-09-26T16:07:40Z,vtu-0059,temperature,celsius,float,-35.9
630,2023-05-20T20:21:21Z,vtu-0046,temperature,celsius,float,-35.9
631,2023-11-09T08:12:05Z,vtu-0058,temperature,celsius,float,-27.0
632,2024-02-08T19:18:03Z,vcu-0080,temperature,celsius,float,-18.4
633,2023-08-30T23:01:11Z,vtu-0075,temperature,celsius,float,-18.9
634,2023-11-06T23:58:20Z,vsu-0055,temperature,celsius,float,-22.8
635,2023-06-24T20:23:51Z,vcu-0046,temperature,celsius,float,-38.8
636,2023-09-04T01:10:08Z,vsu-0001,temperature,celsius,float,-33.2
637,2023-07-28T18:30:04Z,vsu-0076,temperature,celsius,float,-32.2
638,2024-03-26T10:01:57Z,vsu-0072,temperature,celsius,float,-27.4
639,2023-07-07T05:23:20Z,vsu-0020,temperature,celsius,float,-28.3
640,2023-04-11T10:14:46Z,vsu-0013,temperature,celsius,float,-28.0
641,2024-01-04T12:30:12Z,vcu-0099,temperature,celsius,float,-26.4
642,2023-04-15T07:31:16Z,vsu-0043,temperature,celsius,float,-33.8
643,2023-09-11T13:06:57Z,vtu-0066,temperature,celsius,float,-10.0
644,2023-05-18T22:50:51Z,vcu-0039,temperature,celsius,float,-23.2
645,2024-02-29T04:23:54Z,vtu-0007,temperature,celsius,float,-28.6
646,2023-12-01T11:53:14Z,vsu-0030,temperature,celsius,float,-25.8
647,2023-08-20T12:14:28Z,vtu-0056,temperature,celsius,float,-29.2
648,2023-07-15T21:05:55Z,vcu-0064,temperature,celsius,float,-21.7
649,2024-01-01T18:52:49Z,vcu-0027,temperature,celsius,float,-27.8
650,2023-09-08T01:30:52Z,vcu-0018,temperature,celsius,float,-24.8
651,2024-03-20T02:43:19Z,vcu-0071,temperature,celsius,float,-11.7
652,2023-12-15T23:36:27Z,vtu-0009,temperature,celsius,float,-22.5
653,2023-06-29T14:09:54Z,vtu-0009,temperature,celsius,float,-30.3
654,2023-09-03T21:21:46Z,vtu-0024,temperature,celsius,float,-14.7
655,2023-12-09T03:35:40Z,vsu-0066,temperature,celsius,float,-26.6
656,2024-01-07T03:47:30Z,vsu-0095,temperature,celsius,float,-12.1
657,2023-12-15T20:04:07Z,vcu-0084,temperature,celsius,float,-21.0
658,2023-06-23T15:18:03Z,vsu-0089,temperature,celsius,float,-24.5
659,2023-12-24T13:25:56Z,vsu-0076,temperature,celsius,float,-26.4
660,2023-04-13T00:39:25Z,vcu-0041,temperature,celsius,float,-22.4
661,2023-12-04T22:49:59Z,vsu-0066,temperature,celsius,float,-19.0
662,2023-09-20T14:41:54Z,vsu-0012,temperature,celsius,float,-16.4
663,2023-06-30T09:07:38Z,vtu-0063,temperature,celsius,float,-34.8
664,2023-05-21T01:01:25Z,vsu-0066,temperature,celsius,float,-11.5
665,2023-06-22T12:28:32Z,vsu-0048,temperature,celsius,float,-23.6
666,2024-03-30T04:44:45Z,vcu-0081,temperature,celsius,float,-20.3
667,2023-09-29T11:57:29Z,vsu-0003,temperature,celsius,float,-37.5
668,2023-04-24T05:32:58Z,vtu-0000,temperature,celsius,float,-14.1
669,2023-10-02T09:28:11Z,vsu-0003,temperature,celsius,float,-33.3
670,2023-08-22T11:45:15Z,vsu-0046,temperature,celsius,float,-31.3
671,2023-12-30T14:35:16Z,vcu-0076,temperature,celsius,float,-31.7
672,2024-01-21T02:26:50Z,vcu-0084,temperature,celsius,float,-34.7
673,2023-09-24T08:46:59Z,vcu-0055,temperature,celsius,float,-21.5
674,2023-10-26T23:09:24Z,vtu-0099,temperature,celsius,float,-18.2
675,2024-02-27T23:31:21Z,vcu-0069,temperature,celsius,float,-27.9
676,2024-03-14T05:43:22Z,vsu-0069,temperature,celsius,float,-35.6
677,2023-09-17T18:37:56Z,vcu-0014,temperature,celsius,float,-15.4
678,2023-12-02T16:30:27Z,vcu-0027,temperature,celsius,float,-27.8
679,2023-06-22T17:09:03Z,vsu-0028,temperature,celsius,float,-27.2
680,2023-08-16T07:41:31Z,vsu-0007,temperature,celsius,float,-15.6
681,2023-05-30T01:23:32Z,vtu-0020,temperature,celsius,float,-14.3
682,2023-08-20T23:09:59Z,vcu-0035,temperature,celsius,float,-23.8
683,2023-12-21T07:22:04Z,vsu-0086,temperature,celsius,float,-33.0
684,2023-06-07T22:34:18Z,vtu-0027,temperature,celsius,float,-35.9
685,2023-10-07T07:05:44Z,vcu-0096,temperature,celsius,float,-31.7
686,2024-03-22T00:44:55Z,vcu-0022,temperature,celsius,float,-29.7
687,2023-09-25T10:07:55Z,vtu-0070,temperature,celsius,float,-33.7
688,2024-03-15T17:34:00Z,vsu-0045,temperature,celsius,float,-31.7
689,2024-02-18T17:10:34Z,vcu-0093,temperature,celsius,float,-30.3
690,2023-10-07T11:08:07Z,vsu-0069,temperature,celsius,float,-25.2
691,2023-08-28T22:13:42Z,vtu-0088,temperature,celsius,float,-10.7
692,2023-12-04T02:05:25Z,vtu-0092,temperature,celsius,float,-39.4
693,2024-02-04T07:25:54Z,vtu-0035,temperature,celsius,float,-12.2
694,2023-12-25T11:26:00Z,vtu-0056,temperature,celsius,float,-16.0
695,2023-08-12T00:15:32Z,vsu-0099,temperature,celsius,float,-15.4
696,2023-07-13T03:29:26Z,vtu-0095,temperature,celsius,float,-15.6
697,2023-05-21T13:31:08Z,vsu-0060,temperature,celsius,float,-35.7
698,2023-06-06T20:52:47Z,vsu-0014,temperature,celsius,float,-14.1
699,2024-03-02T16:24:25Z,vcu-0057,temperature,celsius,float,-29.7
700,2023-12-16T06:13:25Z,vtu-0075,temperature,celsius,float,-35.6
701,2024-01-31T11:47:27Z,vtu-0015,temperature,celsius,float,-32.8
702,2023-09-14T12:52:40Z,vcu-0057,temperature,celsius,float,-14.8
703,2023-08-17T00:36:41Z,vsu-0010,temperature,celsius,float,-39.2
704,2024-01-22T19:16:38Z,vsu-0021,temperature,celsius,float,-12.6
705,2024-01-31T08:08:34Z,vcu-0009,temperature,celsius,float,-15.4
706,2023-12-15T22:33:23Z,vcu-0046,temperature,celsius,float,-17.3
707,2023-08-17T15:27:26Z,vcu-0018,temperature,celsius,float,-25.6
708,2023-08-25T20:52:01Z,vsu-0076,temperature,celsius,float,-35.0
709,2023-10-26T15:18:02Z,vsu-0023,temperature,celsius,float,-12.9
710,2024-01-03T03:04:42Z,vtu-0082,temperature,celsius,float,-28.5
711,2023-07-03T22:43:43Z,vtu-0016,temperature,celsius,float,-36.9
712,2023-12-07T15:44:46Z,vcu-0040,temperature,celsius,float,-17.5
713,2023-10-22T02:41:49Z,vcu-0003,temperature,celsius,float,-37.5
714,2023-04-29T19:48:48Z,vsu-0075,temperature,celsius,float,-24.9
715,2023-09-15T05:06:09Z,vcu-0059,temperature,celsius,float,-16.6
716,2023-10-22T23:13:38Z,vsu-0048,temperature,celsius,float,-15.7
717,2023-04-14T02:22:17Z,vsu-0000,temperature,celsius,float,-23.0
718,2023-09-10T01:37:02Z,vtu-0044,temperature,celsius,float,-28.1
719,2023-06-19T22:33:06Z,vsu-0078,temperature,celsius,float,-27.5
720,2023-06-27T12:33:16Z,vtu-0086,temperature,celsius,float,-32.9
721,2023-08-27T00:00:13Z,vcu-0070,temperature,celsius,float,-33.5
722,2024-01-27T15:02:53Z,vcu-0040,temperature,celsius,float,-29.6
723,2024-03-10T17:38:00Z,vcu-0083,temperature,celsius,float,-38.1
724,2024-01-20T06:35:57Z,vcu-0016,temperature,celsius,float,-32.2
725,2024-01-20T14:47:19Z,vtu-0015,temperature,celsius,float,-29.4
726,2023-06-18T22:10:21Z,vtu-0089,temperature,celsius,float,-13.2
727,2024-01-29T21:18:59Z,vcu-0008,temperature,celsius,float,-17.5
728,2024-03-10T00:19:45Z,vtu-0000,temperature,celsius,float,-27.5
729,2024-01-24T00:54:33Z,vsu-0013,temperature,celsius,float,-18.8
730,2023-12-29T13:43:32Z,vcu-0036,temperature,celsius,float,-21.0
731,2023-08-21T13:39:49Z,vsu-0038,temperature,celsius,float,-26.6
732,2023-05-03T05:06:50Z,vcu-0037,temperature,celsius,float,-17.5
733,2023-09-29T22:27:06Z,vtu-0043,temperature,celsius,float,-37.7
734,2024-03-14T03:44:55Z,vsu-0057,temperature,celsius,float,-10.1
735,2023-06-19T09:57:42Z,vtu-0025,temperature,celsius,float,-33.8
736,2024-02-14T10:32:48Z,vtu-0000,temperature,celsius,float,-23.0
737,2023-08-04T13:25:35Z,vtu-0046,temperature,celsius,float,-18.3
738,2023-06-03T15:39:38Z,vsu-0079,temperature,celsius,float,-32.3
739,2023-04-11T18:33:49Z,vsu-0046,temperature,celsius,float,-15.1
740,2023-06-15T03:58:39Z,vtu-0082,temperature,celsius,float,-20.4
741,2024-01-27T17:29:03Z,vsu-0046,temperature,celsius,float,-15.7
742,2023-12-16T16:16:39Z,vtu-0098,temperature,celsius,float,-27.5
743,2023-11-16T01:07:28Z,vtu-0018,temperature,celsius,float,-36.2
744,2023-12-30T08:46:12Z,vsu-0067,temperature,celsius,float,-22.8
745,2023-08-24T09:52:15Z,vsu-0069,temperature,celsius,float,-29.7
746,2023-09-02T18:11:38Z,vcu-0044,temperature,celsius,float,-13.6
747,2023-11-15T22:29:46Z,vcu-0076,temperature,celsius,float,-25.5
748,2023-12-17T09:24:45Z,vsu-0097,temperature,celsius,float,-36.3
749,2024-02-01T23:19:21Z,vsu-0026,temperature,celsius,float,-27.8
750,2023-04-29T13:42:38Z,vsu-0051,temperature,celsius,float,-33.4
751,2023-10-24T00:53:04Z,vcu-0061,temperature,celsius,float,-33.8
752,2023-11-30T15:43:16Z,vcu-0058,temperature,celsius,float,-28.8
753,2023-06-11T21:12:55Z,vtu-0003,temperature,celsius,float,-39.6
754,2023-10-03T06:37:52Z,vtu-0025,temperature,celsius,float,-14.9
755,2024-01-01T14:16:30Z,vsu-0029,temperature,celsius,float,-26.5
756,2023-08-02T10:13:16Z,vcu-0055,temperature,celsius,float,-39.1
757,2023-10-19T16:18:10Z,vtu-0068,temperature,celsius,float,-29.6
758,2023-12-21T17:04:18Z,vcu-0004,temperature,celsius,float,-22.2
759,2024-01-08T22:40:32Z,vtu-0021,temperature,celsius,float,-26.4
760,2023-07-22T23:20:36Z,vtu-0073,temperature,celsius,float,-24.7
761,2024-03-05T05:25:12Z,vtu-0023,temperature,celsius,float,-20.3
762,2023-11-10T18:21:47Z,vcu-0078,temperature,celsius,float,-18.5
763,2023-12-22T20:12:30Z,vcu-0022,temperature,celsius,float,-18.4
764,2023-04-17T21:38:48Z,vtu-0087,temperature,celsius,float,-26.9
765,2023-05-03T09:19:21Z,vsu-0008,temperature,celsius,float,-16.3
766,2023-06-23T22:57:52Z,vsu-0086,temperature,celsius,float,-24.1
767,2023-12-11T08:55:58Z,vcu-0038,temperature,celsius,float,-14.5
768,2023-10-03T02:33:53Z,vcu-0093,temperature,celsius,float,-29.5
769,2023-12-11T17:53:47Z,vtu-0015,temperature,celsius,float,-14.6
770,2023-07-07T16:43:18Z,vsu-0016,temperature,celsius,float,-37.4
771,2024-01-23T22:21:26Z,vcu-0090,temperature,celsius,float,-15.5
772,2023-07-04T11:07:46Z,vcu-0008,temperature,celsius,float,-14.4
773,2023-10-03T20:52:20Z,vsu-0000,temperature,celsius,float,-20.9
774,2023-07-27T02:37:07Z,vcu-0013,temperature,celsius,float,-34.5
775,2023-08-12T01:21:35Z,vcu-0041,temperature,celsius,float,-35.1
776,2023-09-30T15:22:14Z,vsu-0036,temperature,celsius,float,-19.1
777,2024-02-21T19:46:01Z,vcu-0025,temperature,celsius,float,-23.3
778,2024-02-02T05:30:13Z,vcu-0039,temperature,celsius,float,-23.6
779,2023-09-22T08:09:14Z,vcu-0023,temperature,celsius,float,-13.2
780,2023-08-31T19:25:16Z,vtu-0011,temperature,celsius,float,-17.8
781,2023-06-14T09:29:08Z,vtu-0011,temperature,celsius,float,-32.4
782,2023-08-25T03:43:50Z,vcu-0091,temperature,celsius,float,-19.0
783,2023-09-22T13:55:17Z,vcu-0020,temperature,celsius,float,-25.1
784,2023-04-17T23:07:27Z,vsu-0080,temperature,celsius,float,-13.6
785,2023-05-20T09:23:19Z,vsu-0056,temperature,celsius,float,-22.4
786,2023-08-29T16:38:35Z,vsu-0044,temperature,celsius,float,-35.8
787,2023-05-14T01:28:21Z,vcu-0068,temperature,celsius,float,-11.8
788,2024-01-18T00:02:46Z,vtu-0057,temperature,celsius,float,-10.4
789,2023-09-02T01:34:57Z,vcu-0053,temperature,celsius,float,-24.2
790,2023-08-04T11:04:05Z,vtu-0060,temperature,celsius,float,-33.3
791,2024-02-09T12:19:23Z,vcu-0064,temperature,celsius,float,-37.0
792,2023-05-07T11:04:44Z,vtu-0078,temperature,celsius,float,-14.5
793,2023-05-11T05:23:00Z,vsu-0068,temperature,celsius,float,-37.4
794,2024-01-26T12:20:10Z,vcu-0085,temperature,celsius,float,-11.6
795,2023-09-10T16:42:37Z,vcu-0028,temperature,celsius,float,-31.4
796,2024-02-02T17:35:03Z,vsu-0042,temperature,celsius,float,-22.7
797,2023-08-25T12:38:42Z,vsu-0028,temperature,celsius,float,-35.7
798,2023-10-24T05:12:15Z,vcu-0096,temperature,celsius,float,-37.1
799,2024-02-26T06:52:50Z,vsu-0032,temperature,celsius,float,-10.5
800,2023-05-06T00:17:48Z,vtu-0050,temperature,celsius,float,-30.2
801,2023-07-18T00:42:26Z,vtu-0028,temperature,celsius,float,-14.2
802,2023-08-10T22:36:53Z,vcu-0080,temperature,celsius,float,-28.5
803,2023-09-30T18:10:19Z,vtu-0031,temperature,celsius,float,-26.7
804,2023-05-17T10:48:30Z,vsu-0072,temperature,celsius,float,-37.1
805,2023-06-12T01:34:41Z,vtu-0073,temperature,celsius,float,-27.2
806,2023-11-19T07:26:45Z,vtu-0006,temperature,celsius,float,-39.0
807,2023-04-23T10:32:54Z,vsu-0090,temperature,celsius,float,-19.6
808,2024-02-12T13:02:06Z,vcu-0007,temperature,celsius,float,-12.2
809,2023-04-25T04:19:47Z,vsu-0095,temperature,celsius,float,-24.5
810,2024-01-23T19:30:18Z,vsu-0093,temperature,celsius,float,-25.0
811,2024-02-04T15:13:53Z,vtu-0086,temperature,celsius,float,-30.6
812,2023-08-14T04:23:10Z,vsu-0074,temperature,celsius,float,-15.2
813,2023-05-20T08:46:36Z,vcu-0009,temperature,celsius,float,-39.8
814,2023-11-30T07:02:34Z,vtu-0059,temperature,celsius,float,-19.6
815,2024-03-29T18:51:28Z,vcu-0006,temperature,celsius,float,-33.4
816,2023-12-13T13:34:26Z,vcu-0054,temperature,celsius,float,-16.8
817,2023-10-01T04:28:23Z,vsu-0076,temperature,celsius,float,-36.4
818,2024-03-02T16:33:34Z,vsu-0079,temperature,celsius,float,-20.1
819,2023-09-23T03:26:26Z,vcu-0046,temperature,celsius,float,-39.9
820,2023-10-18T11:18:39Z,vtu-0044,temperature,celsius,float,-33.6
821,2023-09-02T11:03:16Z,vtu-0016,temperature,celsius,float,-34.0
822,2023-11-12T05:44:23Z,vtu-0028,temperature,celsius,float,-38.4
823,2024-03-06T09:14:00Z,vcu-0069,temperature,celsius,float,-22.8
824,2023-08-23T18:12:00Z,vtu-0006,temperature,celsius,float,-25.2
825,2023-04-25T14:11:22Z,vtu-0061,temperature,celsius,float,-24.7
826,2023-04-26T16:24:51Z,vtu-0015,temperature,celsius,float,-14.5
827,2024-03-15T00:09:01Z,vtu-0096,temperature,celsius,float,-39.4
828,2023-10-26T13:27:41Z,vsu-0051,temperature,celsius,float,-12.9
829,2023-10-13T18:22:27Z,vtu-0089,temperature,celsius,float,-37.3
830,2023-12-23T04:45:24Z,vcu-0019,temperature,celsius,float,-10.5
831,2024-03-25T16:27:18Z,vsu-0050,temperature,celsius,float,-22.5
832,2023-07-17T07:30:58Z,vcu-0092,temperature,celsius,float,-18.5
833,2023-07-07T18:55:52Z,vcu-0058,temperature,celsius,float,-31.2
834,2024-02-07T09:43:50Z,vcu-0081,temperature,celsius,float,-36.3
835,2023-08-08T12:24:00Z,vcu-0057,temperature,celsius,float,-28.9
836,2023-08-05T21:20:39Z,vtu-0006,temperature,celsius,float,-37.7
837,2023-10-17T22:01:53Z,vtu-0039,temperature,celsius,float,-38.3
838,2024-02-12T19:41:32Z,vtu-0077,temperature,celsius,float,-25.7
839,2024-02-03T09:06:29Z,vtu-0011,temperature,celsius,float,-10.0
840,2023-11-08T10:06:43Z,vsu-0086,temperature,celsius,float,-39.3
841,2024-02-21T22:11:27Z,vcu-0087,temperature,celsius,float,-35.0
842,2023-10-08T06:20:26Z,vtu-0066,temperature,celsius,float,-38.4
843,2023-09-22T08:45:23Z,vcu-0029,temperature,celsius,float,-11.7
844,2023-05-06T10:30:30Z,vtu-0009,temperature,celsius,float,-34.7
845,2024-04-05T07:41:39Z,vtu-0043,temperature,celsius,float,-28.8
846,2023-12-22T03:24:37Z,vcu-0099,temperature,celsius,float,-13.5
847,2023-12-11T15:38:42Z,vtu-0013,temperature,celsius,float,-22.1
848,2023-04-27T03:19:47Z,vcu-0035,temperature,celsius,float,-20.2
849,2023-08-01T07:02:59Z,vsu-0070,temperature,celsius,float,-25.7
850,2023-11-23T01:08:46Z,vsu-0061,temperature,celsius,float,-15.2
851,2024-04-01T01:48:04Z,vsu-0031,temperature,celsius,float,-39.1
852,2024-02-19T11:57:32Z,vtu-0078,temperature,celsius,float,-27.2
853,2023-10-06T04:05:01Z,vcu-0087,temperature,celsius,float,-33.7
854,2023-09-14T18:33:54Z,vtu-0079,temperature,celsius,float,-14.2
855,2024-02-16T15:30:27Z,vcu-0007,temperature,celsius,float,-12.0
856,2024-02-14T08:26:34Z,vcu-0053,temperature,celsius,float,-31.6
857,2023-06-12T05:34:23Z,vtu-0052,temperature,celsius,float,-37.2
858,2023-08-07T05:04:47Z,vtu-0007,temperature,celsius,float,-27.7
859,2023-06-14T06:13:08Z,vtu-0042,temperature,celsius,float,-29.9
860,2023-04-20T07:58:24Z,vtu-0034,temperature,celsius,float,-23.4
861,2024-02-03T17:38:32Z,vtu-0028,temperature,celsius,float,-29.3
862,2024-03-12T14:38:40Z,vsu-0005,temperature,celsius,float,-12.3
863,2023-07-19T06:52:53Z,vsu-0025,temperature,celsius,float,-15.8
864,2023-06-23T15:42:02Z,vtu-0050,temperature,celsius,float,-36.7
865,2024-02-09T02:25:59Z,vtu-0085,temperature,celsius,float,-30.0
866,2023-12-10T14:27:52Z,vsu-0048,temperature,celsius,float,-28.4
867,2023-05-28T02:12:54Z,vcu-0009,temperature,celsius,float,-19.5
868,2023-09-05T17:01:23Z,vsu-0099,temperature,celsius,float,-33.7
869,2023-04-27T07:16:28Z,vtu-0009,temperature,celsius,float,-24.1
870,2023-07-05T22:05:55Z,vsu-0069,temperature,celsius,float,-27.8
871,2023-08-28T09:54:45Z,vcu-0052,temperature,celsius,float,-22.1
872,2023-11-06T15:15:42Z,vtu-0045,temperature,celsius,float,-36.3
873,2023-12-16T16:15:24Z,vcu-0095,temperature,celsius,float,-29.0
874,2023-12-28T11:25:10Z,vsu-0053,temperature,celsius,float,-15.4
875,2024-03-27T18:47:15Z,vcu-0014,temperature,celsius,float,-29.9
876,2023-10-07T00:46:34Z,vsu-0039,temperature,celsius,float,-35.9
877,2023-05-01T02:26:40Z,vtu-0072,temperature,celsius,float,-29.5
878,2023-11-08T22:50:30Z,vtu-0057,temperature,celsius,float,-17.7
879,2024-02-21T05:39:57Z,vcu-0093,temperature,celsius,float,-37.7
880,2024-02-24T10:01:44Z,vsu-0084,temperature,celsius,float,-32.7
881,2023-12-18T14:04:47Z,vcu-0034,temperature,celsius,float,-38.5
882,2023-11-02T19:16:19Z,vsu-0085,temperature,celsius,float,-25.9
883,2023-07-04T07:31:46Z,vtu-0007,temperature,celsius,float,-27.7
884,2023-12-10T11:51:57Z,vcu-0028,temperature,celsius,float,-38.6
885,2024-03-13T16:48:16Z,vsu-0070,temperature,celsius,float,-28.0
886,2024-02-19T08:55:13Z,vsu-0045,temperature,celsius,float,-12.3
887,2024-02-01T15:46:26Z,vsu-0009,temperature,celsius,float,-12.3
888,2023-06-24T09:12:54Z,vsu-0020,temperature,celsius,float,-13.8
889,2023-10-04T11:22:13Z,vsu-0050,temperature,celsius,float,-34.3
890,2023-09-28T04:18:38Z,vcu-0054,temperature,celsius,float,-12.8
891,2023-06-29T23:37:01Z,vcu-0065,temperature,celsius,float,-13.8
892,2023-10-28T12:23:53Z,vtu-0040,temperature,celsius,float,-36.8
893,2023-06-11T21:30:49Z,vcu-0043,temperature,celsius,float,-28.6
894,2023-06-18T16:23:56Z,vtu-0062,temperature,celsius,float,-37.3
895,2024-01-01T21:55:03Z,vsu-0029,temperature,celsius,float,-27.5
896,2023-09-21T18:58:37Z,vcu-0002,temperature,celsius,float,-29.4
897,2023-08-19T19:35:31Z,vcu-0082,temperature,celsius,float,-34.1
898,2023-10-28T18:58:50Z,vcu-0030,temperature,celsius,float,-33.3
899,2023-11-26T22:06:54Z,vtu-0093,temperature,celsius,float,-34.9
900,2023-11-28T13:26:41Z,vtu-0085,temperature,celsius,float,-28.6
901,2023-05-15T22:18:03Z,vsu-0042,temperature,celsius,float,-10.2
902,2023-08-22T05:41:17Z,vtu-0054,temperature,celsius,float,-27.0
903,2024-01-03T06:47:23Z,vsu-0003,temperature,celsius,float,-33.2
904,2023-12-30T10:47:25Z,vsu-0041,temperature,celsius,float,-10.7
905,2023-07-03T19:56:22Z,vtu-0068,temperature,celsius,float,-10.5
906,2023-09-17T03:16:17Z,vsu-0097,temperature,celsius,float,-15.8
907,2023-11-28T21:25:38Z,vtu-0098,temperature,celsius,float,-34.0
908,2023-05-16T06:21:28Z,vcu-0032,temperature,celsius,float,-38.8
909,2023-08-22T20:28:33Z,vsu-0056,temperature,celsius,float,-26.5
910,2023-06-11T21:51:15Z,vtu-0093,temperature,celsius,float,-21.0
911,2024-01-31T13:15:14Z,vcu-0048,temperature,celsius,float,-39.3
912,2024-03-09T09:48:33Z,vcu-0067,temperature,celsius,float,-13.5
913,2023-05-04T22:27:48Z,vsu-0019,temperature,celsius,float,-26.6
914,2023-08-10T02:49:54Z,vsu-0062,temperature,celsius,float,-38.0
915,2023-11-02T11:26:06Z,vsu-0074,temperature,celsius,float,-12.1
916,2023-05-17T16:40:56Z,vsu-0038,temperature,celsius,float,-25.0
917,2023-12-07T23:23:59Z,vtu-0060,temperature,celsius,float,-12.8
918,2023-06-22T20:33:15Z,vcu-0060,temperature,celsius,float,-26.5
919,2024-03-20T07:45:28Z,vtu-0024,temperature,celsius,float,-31.9
920,2023-04-19T05:08:46Z,vtu-0024,temperature,celsius,float,-36.5
921,2024-02-26T01:19:19Z,vsu-0010,temperature,celsius,float,-20.2
922,2023-07-08T08:41:00Z,vsu-0039,temperature,celsius,float,-12.4
923,2023-04-27T08:44:48Z,vsu-0072,temperature,celsius,float,-11.5
924,2024-02-04T05:16:11Z,vsu-0059,temperature,celsius,float,-30.9
925,2023-10-01T03:19:53Z,vtu-0048,temperature,celsius,float,-33.9
926,2024-01-23T00:56:06Z,vcu-0058,temperature,celsius,float,-23.8
927,2023-04-15T21:24:48Z,vcu-0084,temperature,celsius,float,-20.4
928,2023-08-08T21:05:20Z,vtu-0050,temperature,celsius,float,-17.8
929,2024-02-15T18:01:50Z,vsu-0080,temperature,celsius,float,-22.8
930,2023-09-23T08:28:12Z,vtu-0059,temperature,celsius,float,-25.7
931,2023-04-29T01:10:20Z,vtu-0061,temperature,celsius,float,-17.8
932,2024-03-20T10:37:30Z,vsu-0078,temperature,celsius,float,-30.5
933,2024-04-02T15:04:36Z,vcu-0065,temperature,celsius,float,-34.1
934,2023-09-24T11:39:54Z,vcu-0036,temperature,celsius,float,-18.3
935,2024-02-23T13:16:21Z,vcu-0008,temperature,celsius,float,-34.0
936,2024-04-02T05:10:38Z,vsu-0034,temperature,celsius,float,-20.9
937,2023-07-07T12:10:00Z,vtu-0040,temperature,celsius,float,-29.8
938,2024-02-05T08:24:28Z,vtu-0030,temperature,celsius,float,-19.7
939,2023-12-14T00:51:02Z,vsu-0099,temperature,celsius,float,-39.7
940,2023-08-09T23:47:56Z,vsu-0033,temperature,celsius,float,-38.5
941,2023-12-06T23:40:34Z,vcu-0023,temperature,celsius,float,-10.0
942,2023-05-16T09:58:38Z,vcu-0009,temperature,celsius,float,-13.3
943,2023-07-21T23:00:01Z,vtu-0002,temperature,celsius,float,-17.4
944,2023-07-28T12:40:17Z,vtu-0066,temperature,celsius,float,-25.0
945,2024-01-30T23:41:24Z,vtu-0096,temperature,celsius,float,-27.1
946,2024-02-07T19:54:22Z,vcu-0041,temperature,celsius,float,-36.3
947,2024-01-07T04:36:41Z,vtu-0014,temperature,celsius,float,-22.8
948,2023-04-25T10:11:34Z,vcu-0008,temperature,celsius,float,-21.5
949,2023-11-01T07:59:54Z,vtu-0047,temperature,celsius,float,-34.3
950,2023-09-08T13:01:22Z,vsu-0056,temperature,celsius,float,-16.4
951,2023-12-04T01:25:46Z,vcu-0006,temperature,celsius,float,-11.0
952,2023-12-27T18:24:57Z,vtu-0017,temperature,celsius,float,-14.2
953,2023-05-10T09:43:44Z,vsu-0026,temperature,celsius,float,-10.4
954,2023-12-27T17:08:32Z,vtu-0077,temperature,celsius,float,-30.5
955,2023-06-10T23:16:43Z,vtu-0065,temperature,celsius,float,-16.5
956,2023-10-27T12:54:34Z,vcu-0022,temperature,celsius,float,-37.1
957,2024-02-19T08:14:51Z,vsu-0070,temperature,celsius,float,-18.0
958,2023-05-18T08:18:40Z,vcu-0029,temperature,celsius,float,-18.1
959,2023-10-09T10:41:35Z,vcu-0046,temperature,celsius,float,-10.1
960,2023-06-20T09:55:18Z,vcu-0010,temperature,celsius,float,-15.9
961,2023-04-18T16:32:25Z,vtu-0055,temperature,celsius,float,-23.4
962,2023-08-28T22:41:11Z,vcu-0010,temperature,celsius,float,-10.9
963,2024-01-09T21:52:18Z,vcu-0022,temperature,celsius,float,-28.7
964,2023-05-17T12:42:45Z,vcu-0066,temperature,celsius,float,-27.2
965,2024-02-11T19:52:14Z,vtu-0078,temperature,celsius,float,-36.6
966,2023-10-31T21:26:28Z,vtu-0005,temperature,celsius,float,-39.5
967,2023-05-09T04:41:36Z,vsu-0058,temperature,celsius,float,-21.0
968,2023-04-22T06:59:48Z,vtu-0036,temperature,celsius,float,-24.5
969,2023-09-14T19:01:38Z,vsu-0028,temperature,celsius,float,-21.4
970,2024-03-22T10:53:19Z,vsu-0014,temperature,celsius,float,-31.0
971,2023-05-01T03:33:09Z,vcu-0032,temperature,celsius,float,-21.2
972,2023-12-04T04:30:58Z,vcu-0027,temperature,celsius,float,-21.7
973,2024-02-25T05:28:07Z,vsu-0041,temperature,celsius,float,-36.1
974,2024-03-27T15:23:00Z,vtu-0001,temperature,celsius,float,-39.9
975,2023-07-30T16:08:44Z,vsu-0028,temperature,celsius,float,-25.8
976,2024-02-25T23:35:06Z,vcu-0021,temperature,celsius,float,-26.3
977,2023-06-21T13:56:52Z,vsu-0034,temperature,celsius,float,-16.2
978,2023-05-02T14:35:22Z,vsu-0090,temperature,celsius,float,-23.1
979,2024-01-10T13:52:55Z,vsu-0005,temperature,celsius,float,-28.0
980,2023-09-29T05:30:15Z,vsu-0020,temperature,celsius,float,-25.8
981,2023-04-24T19:16:59Z,vtu-0034,temperature,celsius,float,-28.3
982,2023-04-25T12:09:11Z,vtu-0070,temperature,celsius,float,-18.0
983,2023-09-20T09:12:58Z,vsu-0069,temperature,celsius,float,-32.2
984,2024-03-23T20:18:00Z,vsu-0050,temperature,celsius,float,-12.5
985,2024-04-02T15:27:10Z,vtu-0023,temperature,celsius,float,-20.9
986,2023-11-01T17:06:27Z,vsu-0069,temperature,celsius,float,-14.8
987,2023-07-14T14:35:39Z,vtu-0098,temperature,celsius,float,-30.1
988,2024-01-09T08:57:06Z,vcu-0045,temperature,celsius,float,-14.8
989,2023-05-21T19:43:16Z,vtu-0069,temperature,celsius,float,-36.9
990,2023-12-19T09:33:38Z,vtu-0004,temperature,celsius,float,-24.5
991,2024-04-01T22:41:46Z,vsu-0078,temperature,celsius,float,-12.5
992,2023-04-24T00:05:42Z,vcu-0073,temperature,celsius,float,-35.4
993,2023-09-13T06:35:33Z,vtu-0066,temperature,celsius,float,-33.9
994,2023-08-19T22:29:37Z,vtu-0050,temperature,celsius,float,-15.2
995,2023-04-15T10:09:38Z,vtu-0048,temperature,celsius,float,-14.3
996,2024-03-10T17:25:50Z,vsu-0035,temperature,celsius,float,-14.9
997,2023-11-05T12:00:21Z,vtu-0029,temperature,celsius,float,-28.2
998,2023-05-01T09:33:33Z,vsu-0045,temperature,celsius,float,-11.0
999,2023-11-25T07:44:14Z,vcu-0016,temperature,celsius,float,-35.1
1000,2023-08-24T13:55:23Z,vsu-0099,temperature,celsius,float,-39.5
